,Sentence #,Word,Tag
1184,212,and,O
1185,212,this,O
1186,212,number,O
1187,212,did,O
1188,212,not,O
1189,212,include,O
1190,212,the,O
1191,212,debtors,O
1192,212,",",O
1193,212,a,O
1194,212,numerous,O
1195,212,class,O
1196,212,",",O
1197,212,who,O
1198,212,were,O
1199,212,still,O
1200,212,committed,O
1201,212,to,O
1202,212,Newgate,LOC
1203,212,pending,O
1204,212,the,O
1205,212,completion,O
1206,212,of,O
1207,212,the,O
1208,212,White,LOC
1209,212,Cross,LOC
1210,212,Street,LOC
1211,212,prison,O
1212,212,.,O
2997,559,A,O
2998,559,site,O
2999,559,was,O
3000,559,purchased,O
3001,559,between,O
3002,559,Red,LOC
3003,559,Lion,LOC
3004,559,and,O
3005,559,White,LOC
3006,559,Cross,LOC
3007,559,streets,O
3008,559,",",O
3009,559,and,O
3010,559,a,O
3011,559,new,O
3012,559,prison,O
3013,559,planned,O
3014,559,",",O
6615,1409,In,O
6616,1409,some,O
6617,1409,large,O
6618,1409,towns,O
6619,1409,",",O
6620,1409,as,O
6621,1409,at,O
6622,1409,Berwick,LOC
6623,1409,on,O
6624,1409,Tweed,O
6625,1409,",",O
6626,1409,Southampton,LOC
6627,1409,",",O
6628,1409,and,O
6629,1409,Southwark,LOC
6630,1409,",",O
6631,1409,they,O
6632,1409,(,O
6633,1409,the,O
6634,1409,prisons,O
6635,1409,),O
6636,1409,are,O
6637,1409,in,O
6638,1409,a,O
6639,1409,very,O
6640,1409,discreditable,O
6641,1409,condition,O
6642,1409,.,O
10971,2342,The,O
10972,2342,last,O
10973,2342,of,LOC
10974,2342,the,O
10975,2342,four,O
10976,2342,is,O
10977,2342,said,O
10978,2342,to,O
10979,2342,have,O
10980,2342,been,O
10981,2342,a,O
10982,2342,clergyman,O
10983,2342,of,LOC
10984,2342,the,O
10985,2342,Church,LOC
10986,2342,of,LOC
10987,2342,England,LOC
10988,2342,",",O
10989,2342,condemned,O
10990,2342,for,O
10991,2342,forgery,O
10992,2342,",",O
10993,2342,"""",O
10994,2342,a,O
10995,2342,miserable,O
10996,2342,old,O
10997,2342,man,O
10998,2342,in,O
10999,2342,a,O
11000,2342,tattered,O
11001,2342,suit,O
11002,2342,of,LOC
11003,2342,black,O
11004,2342,.,O
11030,2363,The,O
11031,2363,ordinary,O
11032,2363,of,LOC
11033,2363,Newgate,LOC
11034,2363,is,O
11035,2363,an,O
11036,2363,orthodox,O
11037,2363,",",O
11038,2363,unaffected,O
11039,2363,",",O
11040,2363,Church,LOC
11041,2363,of,LOC
11042,2363,England,LOC
11043,2363,divine,O
11044,2363,",",O
13221,2681,the,O
13222,2681,heads,O
13223,2681,of,O
13224,2681,Lord,LOC
13225,2681,Castlereagh,LOC
13226,2681,and,O
13227,2681,Lord,LOC
13228,2681,Sidmouth,PER
13229,2681,being,O
13230,2681,carried,O
13231,2681,away,O
13232,2681,in,O
13233,2681,a,O
13234,2681,bag,O
13235,2681,.,O
16384,3008,Hunton,PER
16385,3008,tried,O
16386,3008,to,O
16387,3008,fly,O
16388,3008,the,O
16389,3008,country,O
16390,3008,on,O
16391,3008,the,O
16392,3008,detection,O
16393,3008,of,O
16394,3008,the,O
16395,3008,fraud,O
16396,3008,",",O
16397,3008,but,O
16398,3008,was,O
16399,3008,arrested,O
16400,3008,at,O
16401,3008,Plymouth,LOC
16402,3008,just,O
16403,3008,as,O
16404,3008,he,O
16405,3008,was,O
16406,3008,on,O
16407,3008,the,O
16408,3008,point,O
16409,3008,of,O
16410,3008,leaving,O
16411,3008,England,LOC
16412,3008,in,O
16413,3008,the,O
16414,3008,New,LOC
16415,3008,York,LOC
16416,3008,packet,O
16417,3008,.,O
18947,3178,Mr,O
18948,3178,.,O
18949,3178,Gee,PER
18950,3178,went,O
18951,3178,in,O
18952,3178,the,O
18953,3178,coach,O
18954,3178,sent,O
18955,3178,for,O
18956,3178,him,O
18957,3178,",",O
18958,3178,and,O
18959,3178,alighted,O
18960,3178,at,O
18961,3178,27,O
18962,3178,",",O
18963,3178,York,LOC
18964,3178,Street,LOC
18965,3178,",",O
18966,3178,West,LOC
18967,3178,",",O
18968,3178,Commercial,LOC
18969,3178,Road,LOC
18970,3178,.,O
19727,3250,He,O
19728,3250,was,O
19729,3250,about,O
19730,3250,to,O
19731,3250,emigrate,O
19732,3250,to,O
19733,3250,New,LOC
19734,3250,South,LOC
19735,3250,Wales,LOC
19736,3250,",",O
19737,3250,when,O
19738,3250,he,O
19739,3250,was,O
19740,3250,arrested,O
19741,3250,at,O
19742,3250,Islington,LOC
19743,3250,and,O
19744,3250,committed,O
19745,3250,to,O
19746,3250,Newgate,LOC
19747,3250,on,O
19748,3250,a,O
19749,3250,charge,O
19750,3250,of,O
19751,3250,receiving,O
19752,3250,stolen,O
19753,3250,goods,O
19754,3250,.,O
21648,3404,They,O
21649,3404,presented,O
21650,3404,themselves,O
21651,3404,about,O
21652,3404,noon,O
21653,3404,one,O
21654,3404,day,O
21655,3404,at,O
21656,3404,the,O
21657,3404,dissecting,O
21658,3404,room,O
21659,3404,of,O
21660,3404,King,LOC
21661,3404,',LOC
21662,3404,s,LOC
21663,3404,College,LOC
21664,3404,Hospital,LOC
21665,3404,",",O
21666,3404,accompanied,O
21667,3404,by,O
21668,3404,a,O
21669,3404,third,O
21670,3404,man,O
21671,3404,",",O
22544,3489,Greenacre,PER
22545,3489,",",O
22546,3489,when,O
22547,3489,tried,O
22548,3489,at,O
22549,3489,the,O
22550,3489,Old,LOC
22551,3489,Bailey,LOC
22552,3489,",",O
22553,3489,admitted,O
22554,3489,that,O
22555,3489,he,O
22556,3489,had,O
22557,3489,been,O
22558,3489,guilty,O
22559,3489,of,O
22560,3489,manslaughter,O
22561,3489,.,O
24150,3610,One,O
24151,3610,night,O
24152,3610,a,O
24153,3610,quantity,O
24154,3610,of,O
24155,3610,plate,O
24156,3610,was,O
24157,3610,stolen,O
24158,3610,from,O
24159,3610,Windsor,LOC
24160,3610,Castle,LOC
24161,3610,,
24162,3610,another,O
24163,3610,time,O
24164,3610,Buckingham,LOC
24165,3610,Palace,LOC
24166,3610,was,O
24167,3610,robbed,O
24168,3610,.,O
25546,3748,One,O
25547,3748,called,O
25548,3748,his,O
25549,3748,sister,O
25550,3748,",",O
25551,3748,but,O
25552,3748,supposed,O
25553,3748,to,O
25554,3748,be,O
25555,3748,his,O
25556,3748,wife,O
25557,3748,",",O
25558,3748,had,O
25559,3748,occupied,O
25560,3748,a,O
25561,3748,room,O
25562,3748,in,O
25563,3748,South,LOC
25564,3748,Street,LOC
25565,3748,",",O
25566,3748,Manchester,LOC
25567,3748,Square,LOC
25568,3748,",",O
26989,3882,Mrs,O
26990,3882,.,O
26991,3882,Manning,PER
26992,3882,was,O
26993,3882,transferred,O
26994,3882,to,O
26995,3882,London,LOC
26996,3882,and,O
26997,3882,lodged,O
26998,3882,in,O
26999,3882,the,O
27000,3882,Horsemonger,LOC
27001,3882,Lane,LOC
27002,3882,Jail,LOC
27003,3882,",",O
27004,3882,where,O
27005,3882,her,O
27006,3882,husband,O
27007,3882,soon,O
27008,3882,afterwards,O
27009,3882,joined,O
27010,3882,her,O
27011,3882,.,O
33478,4615,Calcraft,PER
33479,4615,',O
33480,4615,s,O
33481,4615,emoluments,O
33482,4615,were,O
33483,4615,a,O
33484,4615,guinea,O
33485,4615,per,O
33486,4615,week,O
33487,4615,",",O
33488,4615,and,O
33489,4615,an,O
33490,4615,extra,O
33491,4615,guinea,O
33492,4615,for,O
33493,4615,every,O
33494,4615,execution,O
33495,4615,.,O
34740,4754,The,O
34741,4754,sufferer,O
34742,4754,was,O
34743,4754,a,O
34744,4754,porter,O
34745,4754,on,O
34746,4754,the,O
34747,4754,London,LOC
34748,4754,",",O
34749,4754,Chatham,LOC
34750,4754,",",O
34751,4754,and,O
34752,4754,Dover,LOC
34753,4754,Dover,LOC
34754,4754,railway,O
34755,4754,",",O
34756,4754,sentenced,O
34757,4754,to,O
34758,4754,death,O
34759,4754,for,O
34760,4754,shooting,O
34761,4754,the,O
34762,4754,station,O
34763,4754,-,O
34764,4754,master,O
34765,4754,at,O
34766,4754,Dover,LOC
34767,4754,Dover,LOC
34768,4754,.,O
37343,5091,when,O
37344,5091,asked,O
37345,5091,said,O
37346,5091,they,O
37347,5091,would,O
37348,5091,spare,O
37349,5091,his,O
37350,5091,life,O
37351,5091,if,O
37352,5091,he,O
37353,5091,would,O
37354,5091,navigate,O
37355,5091,the,O
37356,5091,ship,O
37357,5091,for,O
37358,5091,them,O
37359,5091,to,O
37360,5091,the,O
37361,5091,River,LOC
37362,5091,Plate,LOC
37363,5091,or,O
37364,5091,Buenos,LOC
37365,5091,Aires,LOC
37366,5091,.,O
37855,5147,About,O
37856,5147,the,O
37857,5147,same,O
37858,5147,time,O
37859,5147,a,O
37860,5147,body,O
37861,5147,was,O
37862,5147,discovered,O
37863,5147,on,O
37864,5147,the,O
37865,5147,line,O
37866,5147,near,O
37867,5147,the,O
37868,5147,railway,O
37869,5147,-,O
37870,5147,bridge,O
37871,5147,by,O
37872,5147,Victoria,LOC
37873,5147,Park,LOC
37874,5147,.,O
38053,5166,Last,O
38054,5166,of,O
38055,5166,all,O
38056,5166,",",O
38057,5166,the,O
38058,5166,cabman,O
38059,5166,swore,O
38060,5166,that,O
38061,5166,he,O
38062,5166,had,O
38063,5166,bought,O
38064,5166,the,O
38065,5166,very,O
38066,5166,hat,O
38067,5166,found,O
38068,5166,in,O
38069,5166,the,O
38070,5166,carriage,O
38071,5166,for,O
38072,5166,MÃ¼ller,PER
38073,5166,at,O
38074,5166,the,O
38075,5166,hatter,O
38076,5166,',O
38077,5166,s,O
38078,5166,",",O
38079,5166,Walker,PER
38080,5166,',O
38081,5166,s,O
38082,5166,of,O
38083,5166,Crawford,LOC
38084,5166,Street,LOC
38085,5166,.,O
38110,5168,There,O
38111,5168,was,O
38112,5168,no,O
38113,5168,mystery,O
38114,5168,about,O
38115,5168,his,O
38116,5168,departure,O
38117,5168,,
38118,5168,he,O
38119,5168,had,O
38120,5168,gone,O
38121,5168,to,O
38122,5168,Canada,LOC
38123,5168,",",O
38124,5168,by,O
38125,5168,the,O
38126,5168,',O
38127,5168,Victoria,LOC
38128,5168,',O
38129,5168,sailing,O
38130,5168,ship,O
38131,5168,",",O
38132,5168,starting,O
38133,5168,from,O
38134,5168,the,O
38135,5168,London,LOC
38136,5168,docks,O
38137,5168,",",O
38138,5168,and,O
38139,5168,bound,O
38140,5168,to,O
38141,5168,New,LOC
38142,5168,York,LOC
38143,5168,.,O
39416,5285,Buncher,PER
39417,5285,was,O
39418,5285,then,O
39419,5285,tracked,O
39420,5285,to,O
39421,5285,North,LOC
39422,5285,Kent,LOC
39423,5285,Terrace,LOC
39424,5285,",",O
39425,5285,New,LOC
39426,5285,Cross,LOC
39427,5285,",",O
39428,5285,where,O
39429,5285,a,O
39430,5285,Mr,O
39431,5285,.,O
39432,5285,and,O
39433,5285,Mrs,PER
39434,5285,.,O
39435,5285,Campbell,PER
39436,5285,resided,O
39437,5285,",",O
42338,5670,This,O
42339,5670,was,O
42340,5670,obviated,O
42341,5670,by,O
42342,5670,the,O
42343,5670,frequent,O
42344,5670,sessions,O
42345,5670,of,O
42346,5670,the,O
42347,5670,Central,ORG
42348,5670,Criminal,ORG
42349,5670,Court,ORG
42350,5670,",",O
42351,5670,and,O
42352,5670,the,O
42353,5670,utilization,O
42354,5670,of,O
42355,5670,the,O
42356,5670,two,O
42357,5670,subsidiary,O
42358,5670,prisons,O
42359,5670,in,O
42360,5670,Giltspur,LOC
42361,5670,Street,LOC
42362,5670,and,O
42363,5670,Southwark,LOC
42364,5670,.,O
42834,5737,But,O
42835,5737,the,O
42836,5737,condition,O
42837,5737,of,O
42838,5737,the,O
42839,5737,great,O
42840,5737,city,O
42841,5737,jail,O
42842,5737,was,O
42843,5737,evidently,O
42844,5737,considered,O
42845,5737,a,O
42846,5737,reproach,O
42847,5737,by,O
42848,5737,the,O
42849,5737,city,O
42850,5737,authorities,O
42851,5737,",",O
42852,5737,and,O
42853,5737,a,O
42854,5737,year,O
42855,5737,after,O
42856,5737,the,O
42857,5737,opening,O
42858,5737,of,O
42859,5737,the,O
42860,5737,new,O
42861,5737,"""",O
42862,5737,model,O
42863,5737,"""",O
42864,5737,at,O
42865,5737,Pentonville,LOC
42866,5737,",",O
48322,7368,I,O
48323,7368,completed,O
48324,7368,Imgur,O
48325,7368,-,O
48326,7368,Bel,PER
48327,7368,Bel,PER
48328,7368,and,O
48329,7368,Nimitti,PER
48330,7368,-,O
48331,7368,Bel,PER
48332,7368,Bel,PER
48333,7368,",",O
48334,7368,the,O
48335,7368,great,O
48336,7368,walls,O
48337,7368,of,O
48338,7368,Babylon,LOC
48339,7368,",",O
48340,7368,the,O
48341,7368,mighty,O
48342,7368,city,O
48343,7368,",",O
48344,7368,the,O
48345,7368,city,O
48346,7368,of,O
48347,7368,his,O
48348,7368,exalted,O
48349,7368,power,O
48350,7368,.,O
48442,7384,Berossus,PER
48443,7384,",",O
48444,7384,a,O
48445,7384,priest,O
48446,7384,of,O
48447,7384,the,O
48448,7384,temple,O
48449,7384,of,O
48450,7384,Bel,LOC
48451,7384,at,O
48452,7384,Babylon,LOC
48453,7384,",",O
48454,7384,writing,O
48455,7384,about,O
48456,7384,250,O
48457,7384,B,O
48458,7384,.,O
48459,7384,C,O
48460,7384,.,O
48461,7384,",",O
49008,7467,Nabonidus,PER
49009,7467,was,O
49010,7467,taken,O
49011,7467,prisoner,O
49012,7467,in,O
49013,7467,Babylon,LOC
49014,7467,Babylon,LOC
49015,7467,.,O
49016,7467,On,O
49017,7467,the,O
49018,7467,third,O
49019,7467,of,O
49020,7467,Marchesvan,PER
49021,7467,Cyrus,PER
49022,7467,entered,O
49023,7467,Babylon,LOC
49024,7467,Babylon,LOC
49025,7467,and,O
49026,7467,proclaimed,O
49027,7467,peace,O
49028,7467,to,O
49029,7467,all,O
49030,7467,the,O
49031,7467,city,O
49032,7467,.,O
50646,7619,for,O
50647,7619,history,O
50648,7619,mentions,O
50649,7619,the,PER
50650,7619,names,O
50651,7619,of,O
50652,7619,two,O
50653,7619,of,O
50654,7619,its,O
50655,7619,later,O
50656,7619,rulers,O
50657,7619,.,O
50658,7619,The,O
50659,7619,palace,O
50660,7619,of,O
50661,7619,Nebuchadnezzar,LOC
50662,7619,was,O
50663,7619,occupied,O
50664,7619,by,O
50665,7619,Alexander,PER
50666,7619,the,PER
50667,7619,Great,PER
50668,7619,",",O
51213,7671,All,O
51214,7671,the,O
51215,7671,ground,O
51216,7671,on,O
51217,7671,which,O
51218,7671,Babylon,LOC
51219,7671,was,O
51220,7671,spread,O
51221,7671,is,O
51222,7671,left,O
51223,7671,now,O
51224,7671,desolate,O
51225,7671,,
51226,7671,nothing,O
51227,7671,standing,O
51228,7671,in,O
51229,7671,that,O
51230,7671,Peninsula,LOC
51231,7671,between,O
51232,7671,the,O
51233,7671,Euphrates,LOC
51234,7671,and,O
51235,7671,the,O
51236,7671,Tigris,LOC
51237,7671,",",O
51562,7701,Deep,O
51563,7701,down,O
51564,7701,in,O
51565,7701,the,O
51566,7701,mound,O
51567,7701,the,O
51568,7701,Germans,O
51569,7701,discovered,O
51570,7701,the,O
51571,7701,palace,O
51572,7701,of,O
51573,7701,Nebuchadnezzar,LOC
51574,7701,with,O
51575,7701,its,O
51576,7701,hundreds,O
51577,7701,of,O
51578,7701,small,O
51579,7701,chambers,O
51580,7701,and,O
51581,7701,its,O
51582,7701,huge,O
51583,7701,surrounding,O
51584,7701,walls,O
51585,7701,.,O
51625,7704,Upon,O
51626,7704,the,O
51627,7704,little,O
51628,7704,mound,O
51629,7704,Jumjuma,PER
51630,7704,farther,O
51631,7704,on,O
51632,7704,",",O
51633,7704,an,O
51634,7704,Arab,O
51635,7704,village,O
51636,7704,has,O
51637,7704,long,O
51638,7704,stood,O
51639,7704,.,O
52176,7784,the,O
52177,7784,activities,O
52178,7784,at,O
52179,7784,Parkland,LOC
52180,7784,Memorial,LOC
52181,7784,Hospital,LOC
52182,7784,",",O
52183,7784,and,O
52184,7784,the,O
52185,7784,return,O
52186,7784,of,O
52187,7784,the,O
52188,7784,Presidential,ORG
52189,7784,party,O
52190,7784,to,O
52191,7784,Washington,LOC
52192,7784,.,O
52295,7794,Vice,O
52296,7794,President,O
52297,7794,Johnson,PER
52298,7794,",",O
52299,7794,and,O
52300,7794,Governor,O
52301,7794,Connally,PER
52302,7794,on,O
52303,7794,June,O
52304,7794,5th,O
52305,7794,",",O
52306,7794,1963,O
52307,7794,",",O
52308,7794,at,O
52309,7794,the,O
52310,7794,Cortez,LOC
52311,7794,Hotel,LOC
52312,7794,in,O
52313,7794,El,LOC
52314,7794,Paso,LOC
52315,7794,",",O
52316,7794,Texas,LOC
52317,7794,.,O
52318,7795,The,O
52319,7795,President,O
52320,7795,had,O
52321,7795,spoken,O
52322,7795,earlier,O
52323,7795,that,O
52324,7795,day,O
52325,7795,at,O
52326,7795,the,O
52327,7795,Air,ORG
52328,7795,Force,ORG
52329,7795,Academy,ORG
52330,7795,in,O
52331,7795,Colorado,LOC
52332,7795,Colorado,LOC
52333,7795,Springs,LOC
52334,7795,",",O
52335,7795,Colorado,LOC
52336,7795,Colorado,LOC
52337,7795,.,O
52375,7798,The,O
52376,7798,original,O
52377,7798,plan,O
52378,7798,called,O
52379,7798,for,O
52380,7798,the,O
52381,7798,President,O
52382,7798,to,O
52383,7798,spend,O
52384,7798,only,O
52385,7798,1,O
52386,7798,day,O
52387,7798,in,O
52388,7798,the,O
52389,7798,State,O
52390,7798,",",O
52391,7798,making,O
52392,7798,whirlwind,O
52393,7798,visits,O
52394,7798,to,O
52395,7798,Dallas,LOC
52396,7798,",",O
52397,7798,Fort,LOC
52398,7798,Worth,LOC
52399,7798,",",O
52400,7798,San,LOC
52401,7798,Antonio,LOC
52402,7798,",",O
52403,7798,and,O
52404,7798,Houston,LOC
52405,7798,.,O
53022,7837,The,O
53023,7837,FBI,ORG
53024,7837,office,O
53025,7837,in,O
53026,7837,Dallas,LOC
53027,7837,Dallas,LOC
53028,7837,gave,O
53029,7837,the,O
53030,7837,local,O
53031,7837,Secret,ORG
53032,7837,Service,ORG
53033,7837,representatives,O
53034,7837,the,O
53035,7837,name,O
53036,7837,of,O
53037,7837,a,O
53038,7837,possibly,O
53039,7837,dangerous,O
53040,7837,individual,O
53041,7837,in,O
53042,7837,the,O
53043,7837,Dallas,LOC
53044,7837,Dallas,LOC
53045,7837,area,O
53046,7837,who,O
53047,7837,was,O
53048,7837,investigated,O
53049,7837,.,O
53225,7849,that,O
53226,7849,the,O
53227,7849,President,O
53228,7849,would,O
53229,7849,arrive,O
53230,7849,and,O
53231,7849,depart,O
53232,7849,from,O
53233,7849,Dallas,LOC
53234,7849,Dallas,LOC
53235,7849,',O
53236,7849,Love,LOC
53237,7849,Field,LOC
53238,7849,,
53239,7849,that,O
53240,7849,a,O
53241,7849,motorcade,O
53242,7849,through,O
53243,7849,the,O
53244,7849,downtown,O
53245,7849,area,O
53246,7849,of,O
53247,7849,Dallas,LOC
53248,7849,Dallas,LOC
53249,7849,to,O
53250,7849,the,O
53251,7849,luncheon,O
53252,7849,site,O
53253,7849,should,O
53254,7849,be,O
53255,7849,arranged,O
53256,7849,,
53843,7888,in,O
53844,7888,1936,O
53845,7888,",",O
53846,7888,as,O
53847,7888,testified,O
53848,7888,that,O
53849,7888,the,O
53850,7888,traditional,O
53851,7888,parade,O
53852,7888,route,O
53853,7888,in,O
53854,7888,Dallas,LOC
53855,7888,was,O
53856,7888,along,O
53857,7888,Main,LOC
53858,7888,Street,LOC
53859,7888,",",O
53860,7888,since,O
53861,7888,the,O
53862,7888,tall,O
53863,7888,buildings,O
53864,7888,along,O
53865,7888,the,O
53866,7888,street,O
53867,7890,The,O
53868,7890,route,O
53869,7890,chosen,O
53870,7890,from,O
53871,7890,the,O
53872,7890,airport,O
53873,7890,to,O
53874,7890,Main,LOC
53875,7890,Main,LOC
53876,7890,Street,LOC
53877,7890,Street,LOC
53878,7890,Street,LOC
53879,7890,was,O
53880,7890,the,O
53881,7890,normal,O
53882,7890,one,O
53883,7890,",",O
53884,7890,except,O
53885,7890,where,O
53886,7890,Harwood,LOC
53887,7890,Street,LOC
53888,7890,Street,LOC
53889,7890,Street,LOC
53890,7890,was,O
53891,7890,selected,O
53892,7890,as,O
53893,7890,the,O
53894,7890,means,O
53895,7890,of,O
53896,7890,access,O
53897,7890,to,O
53898,7890,Main,LOC
53899,7890,Main,LOC
53900,7890,Street,LOC
53901,7890,Street,LOC
53902,7890,Street,LOC
53944,7898,Elm,LOC
53945,7898,Street,LOC
53946,7898,Street,LOC
53947,7898,",",O
53948,7898,parallel,O
53949,7898,to,O
53950,7898,Main,LOC
53951,7898,Street,LOC
53952,7898,Street,LOC
53953,7898,and,O
53954,7898,one,O
53955,7898,block,O
53956,7898,north,O
53957,7898,",",O
54020,7902,to,O
54021,7902,reach,O
54022,7902,the,O
54023,7902,northbound,O
54024,7902,lanes,O
54025,7902,of,O
54026,7902,the,O
54027,7902,Stemmons,LOC
54028,7902,Freeway,LOC
54029,7902,is,O
54030,7902,via,O
54031,7902,Elm,LOC
54032,7902,Street,LOC
54033,7902,",",O
54034,7902,which,O
54035,7902,Route,O
54036,7902,No,O
54037,7902,.,O
54038,7902,77,O
54039,7902,traffic,O
54040,7902,is,O
54041,7902,instructed,O
54042,7902,to,O
54043,7902,follow,O
54044,7902,in,O
54045,7902,this,O
54046,7902,part,O
54047,7902,of,O
54048,7902,the,O
54049,7902,city,O
54050,7902,.,O
54129,7908,From,O
54130,7908,Houston,LOC
54131,7908,Street,LOC
54132,7908,",",O
54133,7908,which,O
54134,7908,forms,O
54135,7908,the,O
54136,7908,base,O
54137,7908,of,O
54138,7908,the,O
54139,7908,triangle,O
54140,7908,",",O
54141,7908,three,O
54142,7908,streets,O
54143,7908,-,O
54144,7908,-,O
54145,7908,Commerce,ORG
54146,7908,",",O
54147,7908,Main,LOC
54148,7908,",",O
54149,7908,and,O
54150,7908,Elm,LOC
54151,7908,-,O
54152,7908,-,O
54177,7913,which,O
54178,7913,branches,O
54179,7913,off,O
54180,7913,to,O
54181,7913,the,O
54182,7913,right,O
54183,7913,and,O
54184,7913,is,O
54185,7913,used,O
54186,7913,by,O
54187,7913,traffic,O
54188,7913,going,O
54189,7913,to,O
54190,7913,the,O
54191,7913,Stemmons,LOC
54192,7913,Freeway,LOC
54193,7913,and,O
54194,7913,the,O
54195,7913,Dallas,LOC
54196,7913,-,O
54197,7913,Fort,LOC
54198,7913,Worth,LOC
54199,7913,Turnpike,LOC
54200,7913,.,O
54257,7917,from,O
54258,7917,Main,LOC
54259,7917,across,O
54260,7917,Elm,LOC
54261,7917,to,O
54262,7917,the,O
54263,7917,access,O
54264,7917,road,O
54265,7917,to,O
54266,7917,Stemmons,LOC
54267,7917,Freeway,LOC
54268,7917,and,O
54269,7917,the,O
54270,7917,Dallas,LOC
54271,7917,-,O
54272,7917,Fort,LOC
54273,7917,Worth,LOC
54274,7917,Turnpike,LOC
54275,7917,.,O
54337,7921,in,O
54338,7921,order,O
54339,7921,to,O
54340,7921,reach,O
54341,7921,the,O
54342,7921,Dallas,LOC
54343,7921,-,O
54344,7921,Fort,LOC
54345,7921,Worth,LOC
54346,7921,Turnpike,LOC
54347,7921,",",O
54348,7921,which,O
54349,7921,has,O
54350,7921,the,O
54351,7921,same,O
54352,7921,access,O
54353,7921,road,O
54354,7921,from,O
54355,7921,Elm,LOC
54356,7921,Street,LOC
54357,7921,as,O
54358,7921,does,O
54359,7921,the,O
54360,7921,Stemmons,LOC
54361,7921,Freeway,LOC
54362,7921,.,O
54466,7935,quote,O
54467,7935,",",O
54468,7935,apparently,O
54469,7935,will,O
54470,7935,loop,O
54471,7935,through,O
54472,7935,the,O
54473,7935,downtown,O
54474,7935,area,O
54475,7935,",",O
54476,7935,probably,O
54477,7935,on,O
54478,7935,Main,LOC
54479,7935,Street,LOC
54480,7935,",",O
54481,7935,en,O
54482,7935,route,O
54483,7935,from,O
54484,7935,Dallas,LOC
54485,7935,Love,LOC
54486,7935,Field,LOC
54487,7935,",",O
54488,7935,end,O
54489,7935,quote,O
54490,7935,.,O
54514,7937,From,O
54515,7937,the,O
54516,7937,airport,O
54517,7937,",",O
54518,7937,the,O
54519,7937,President,O
54520,7937,',O
54521,7937,s,O
54522,7937,party,O
54523,7937,will,O
54524,7937,proceed,O
54525,7937,to,O
54526,7937,Mockingbird,LOC
54527,7937,Lane,LOC
54528,7937,to,O
54529,7937,Lemmon,LOC
54530,7937,and,O
54531,7937,then,O
54532,7937,to,O
54533,7937,Turtle,LOC
54534,7937,Creek,LOC
54535,7937,",",O
54536,7937,turning,O
54537,7937,south,O
54538,7937,to,O
54539,7937,Cedar,LOC
54540,7937,Springs,LOC
54541,7937,.,O
54551,7939,and,O
54552,7939,then,O
54553,7939,west,O
54554,7939,on,O
54555,7939,Main,LOC
54556,7939,",",O
54557,7939,turning,O
54558,7939,back,O
54559,7939,to,O
54560,7939,Elm,LOC
54561,7939,at,O
54562,7939,Houston,LOC
54563,7939,and,O
54564,7939,then,O
54565,7939,out,O
54566,7939,Stemmons,LOC
54567,7939,Freeway,LOC
54568,7939,to,O
54569,7939,the,O
54570,7939,Trade,ORG
54571,7939,Mart,ORG
54572,7939,.,O
54598,7941,Harwood,LOC
54599,7941,to,O
54600,7941,Main,LOC
54601,7941,Main,LOC
54602,7941,",",O
54603,7941,Main,LOC
54604,7941,Main,LOC
54605,7941,to,O
54606,7941,Houston,LOC
54607,7941,Houston,LOC
54608,7941,",",O
54609,7941,Houston,LOC
54610,7941,Houston,LOC
54611,7941,to,O
54612,7941,Elm,LOC
54613,7941,Elm,LOC
54614,7941,",",O
54615,7941,Elm,LOC
54616,7941,Elm,LOC
54617,7941,under,O
54618,7941,the,O
54619,7941,Triple,LOC
54620,7941,Underpass,LOC
54621,7941,to,O
54622,7941,Stemmons,LOC
54623,7941,Freeway,LOC
54624,7941,",",O
54625,7941,and,O
54626,7941,on,O
54627,7941,to,O
54628,7941,the,O
54629,7941,Trade,ORG
54630,7941,Mart,ORG
54631,7941,.,O
54777,7950,Dallas,LOC
54778,7950,",",O
54779,7950,Fort,LOC
54780,7950,Worth,LOC
54781,7950,",",O
54782,7950,San,LOC
54783,7950,Antonio,LOC
54784,7950,",",O
54785,7950,and,O
54786,7950,Houston,LOC
54787,7951,Both,O
54788,7951,Dallas,LOC
54789,7951,papers,O
54790,7951,cited,O
54791,7951,White,LOC
54792,7951,House,LOC
54793,7951,sources,O
54794,7951,on,O
54795,7951,September,O
54796,7951,26,O
54797,7951,as,O
54798,7951,confirming,O
54799,7951,the,O
54800,7951,President,O
54801,7951,',O
54802,7951,s,O
54803,7951,intention,O
54804,7951,to,O
54805,7951,visit,O
54806,7951,Texas,LOC
54807,7951,on,O
54808,7951,November,O
54809,7951,21,O
54810,7951,and,O
54811,7951,22,O
54812,7951,",",O
55006,7964,Stevenson,PER
55007,7964,was,O
55008,7964,jeered,O
55009,7964,",",O
55010,7964,jostled,O
55011,7964,",",O
55012,7964,and,O
55013,7964,spat,O
55014,7964,upon,O
55015,7964,by,O
55016,7964,hostile,O
55017,7964,demonstrators,O
55018,7964,outside,O
55019,7964,the,O
55020,7964,Dallas,LOC
55021,7964,Memorial,LOC
55022,7964,Auditorium,LOC
55023,7964,Theater,LOC
55024,7964,.,O
55150,7972,and,O
55151,7972,that,O
55152,7972,he,O
55153,7972,would,O
55154,7972,visit,O
55155,7972,San,LOC
55156,7972,Antonio,LOC
55157,7972,",",O
55158,7972,Houston,LOC
55159,7972,",",O
55160,7972,Fort,LOC
55161,7972,Worth,LOC
55162,7972,",",O
55163,7972,Dallas,LOC
55164,7972,",",O
55165,7972,and,O
55166,7972,Austin,LOC
55167,7972,.,O
55583,7997,During,O
55584,7997,the,O
55585,7997,afternoon,O
55586,7997,",",O
55587,7997,President,O
55588,7997,Kennedy,PER
55589,7997,dedicated,O
55590,7997,the,O
55591,7997,U,LOC
55592,7997,.,O
55593,7997,S,O
55594,7997,.,O
55595,7997,Air,ORG
55596,7997,Air,LOC
55597,7997,Force,ORG
55598,7997,Force,LOC
55599,7997,School,ORG
55600,7997,of,ORG
55601,7997,Aerospace,ORG
55602,7997,Medicine,ORG
55603,7997,at,O
55604,7997,Brooks,LOC
55605,7997,Air,ORG
55606,7997,Air,LOC
55607,7997,Force,ORG
55608,7997,Force,LOC
55609,7997,Base,LOC
55610,7997,.,O
57112,8116,to,O
57113,8116,the,O
57114,8116,intersection,O
57115,8116,of,O
57116,8116,Houston,LOC
57117,8116,Street,LOC
57118,8116,",",O
57119,8116,which,O
57120,8116,marks,O
57121,8116,the,O
57122,8116,beginning,O
57123,8116,of,O
57124,8116,Dealey,LOC
57125,8116,Plaza,LOC
57126,8116,.,O
57127,8117,From,O
57128,8117,Main,LOC
57129,8117,Street,LOC
57130,8117,Street,LOC
57131,8117,the,O
57132,8117,motorcade,O
57133,8117,turned,O
57134,8117,right,O
57135,8117,and,O
57136,8117,went,O
57137,8117,north,O
57138,8117,on,O
57139,8117,Houston,LOC
57140,8117,Street,LOC
57141,8117,Street,LOC
57142,8117,",",O
57143,8117,passing,O
57144,8117,tall,O
57145,8117,buildings,O
57146,8117,on,O
57147,8117,the,O
57148,8117,right,O
57149,8117,",",O
57160,8119,The,O
57161,8119,spectators,O
57162,8119,were,O
57163,8119,still,O
57164,8119,thickly,O
57165,8119,congregated,O
57166,8119,in,O
57167,8119,front,O
57168,8119,of,O
57169,8119,the,O
57170,8119,buildings,O
57171,8119,which,O
57172,8119,lined,O
57173,8119,the,O
57174,8119,east,O
57175,8119,side,O
57176,8119,of,O
57177,8119,Houston,LOC
57178,8119,Street,LOC
57179,8119,Street,LOC
57180,8119,",",O
57181,8119,but,O
57182,8119,the,O
57183,8119,crowd,O
57184,8119,thinned,O
57185,8119,abruptly,O
57186,8119,along,O
57187,8119,Elm,LOC
57188,8119,Street,LOC
57189,8119,Street,LOC
57190,8119,",",O
58084,8193,Special,O
58085,8193,Agent,O
58086,8193,Hill,PER
58087,8193,was,O
58088,8193,scanning,O
58089,8193,the,O
58090,8193,few,O
58091,8193,people,O
58092,8193,standing,O
58093,8193,on,O
58094,8193,the,O
58095,8193,south,O
58096,8193,side,O
58097,8193,of,O
58098,8193,Elm,LOC
58099,8193,Street,LOC
58100,8193,Street,LOC
58101,8193,after,O
58102,8193,the,O
58103,8193,motorcade,O
58104,8193,had,O
58105,8193,turned,O
58106,8193,off,O
58107,8193,Houston,LOC
58108,8193,Street,LOC
58109,8193,Street,LOC
58110,8193,.,O
58971,8257,Traveling,O
58972,8257,at,O
58973,8257,speeds,O
58974,8257,estimated,O
58975,8257,at,O
58976,8257,times,O
58977,8257,to,O
58978,8257,be,O
58979,8257,up,O
58980,8257,to,O
58981,8257,70,O
58982,8257,or,O
58983,8257,80,O
58984,8257,miles,O
58985,8257,per,O
58986,8257,hour,O
58987,8257,down,O
58988,8257,the,O
58989,8257,Stemmons,LOC
58990,8257,Freeway,LOC
58991,8257,and,O
58992,8257,Harry,LOC
58993,8257,Hines,LOC
58994,8257,Boulevard,LOC
60919,8410,Unmarked,O
60920,8410,police,O
60921,8410,cars,O
60922,8410,took,O
60923,8410,the,O
60924,8410,Vice,O
60925,8410,President,O
60926,8410,and,O
60927,8410,Mrs,O
60928,8410,.,O
60929,8410,Johnson,PER
60930,8410,from,O
60931,8410,Parkland,LOC
60932,8410,Hospital,LOC
60933,8410,to,O
60934,8410,Love,LOC
60935,8410,Field,LOC
60936,8410,.,O
61339,8439,Air,ORG
61340,8439,Air,LOC
61341,8439,Force,ORG
61342,8439,Force,LOC
61343,8439,One,ORG
61344,8439,landed,O
61345,8439,at,O
61346,8439,Andrews,LOC
61347,8439,Air,ORG
61348,8439,Air,LOC
61349,8439,Force,ORG
61350,8439,Force,LOC
61351,8439,Base,LOC
61352,8439,",",O
61353,8439,where,O
61354,8439,President,O
61355,8439,Kennedy,PER
61356,8439,had,O
61357,8439,begun,O
61358,8439,his,O
61359,8439,last,O
61360,8439,trip,O
61361,8439,only,O
61362,8439,31,O
61363,8439,hours,O
61364,8439,before,O
61365,8439,.,O
61430,8445,Given,O
61431,8445,a,O
61432,8445,choice,O
61433,8445,between,O
61434,8445,the,O
61435,8445,National,ORG
61436,8445,Naval,ORG
61437,8445,Medical,ORG
61438,8445,Center,ORG
61439,8445,at,O
61440,8445,Bethesda,LOC
61441,8445,",",O
61442,8445,Maryland,LOC
61443,8445,",",O
61444,8445,and,O
61445,8445,the,O
61446,8445,Army,ORG
61447,8445,',O
61448,8445,s,O
61449,8445,Walter,LOC
61450,8445,Reed,LOC
61451,8445,Hospital,LOC
61452,8445,",",O
61481,8448,with,O
61482,8448,three,O
61483,8448,Secret,ORG
61484,8448,Service,ORG
61485,8448,agents,O
61486,8448,",",O
61487,8448,accompanied,O
61488,8448,President,O
61489,8448,Kennedy,PER
61490,8448,',O
61491,8448,s,O
61492,8448,body,O
61493,8448,on,O
61494,8448,the,O
61495,8448,45,O
61496,8448,-,O
61497,8448,minute,O
61498,8448,automobile,O
61499,8448,trip,O
61500,8448,from,O
61501,8448,Andrews,LOC
61502,8448,Air,LOC
61503,8448,Force,LOC
61504,8448,Base,LOC
61505,8448,to,O
61506,8448,the,O
61507,8448,hospital,O
61508,8448,.,O
69214,9062,on,O
69215,9062,the,O
69216,9062,southwest,O
69217,9062,corner,O
69218,9062,of,O
69219,9062,Elm,LOC
69220,9062,and,O
69221,9062,Houston,LOC
69222,9062,Streets,LOC
69223,9062,",",O
69224,9062,looking,O
69225,9062,north,O
69226,9062,at,O
69227,9062,the,O
69228,9062,Depository,LOC
69229,9062,Building,LOC
69230,9062,which,O
69231,9062,was,O
69232,9062,directly,O
69233,9062,in,O
69234,9062,front,O
69235,9062,of,O
69236,9062,him,O
69237,9062,.,O
70071,9135,Fischer,PER
70072,9135,testified,O
70073,9135,that,O
70074,9135,about,O
70075,9135,10,O
70076,9135,or,O
70077,9135,15,O
70078,9135,seconds,O
70079,9135,before,O
70080,9135,the,O
70081,9135,motorcade,O
70082,9135,turned,O
70083,9135,onto,O
70084,9135,Houston,LOC
70085,9135,Street,LOC
70086,9135,Street,LOC
70087,9135,from,O
70088,9135,Main,LOC
70089,9135,Street,LOC
70090,9135,Street,LOC
70091,9135,",",O
70139,9140,He,O
70140,9140,looked,O
70141,9140,like,O
70142,9140,he,O
70143,9140,was,O
70144,9140,looking,O
70145,9140,down,O
70146,9140,toward,O
70147,9140,the,O
70148,9140,Trinity,LOC
70149,9140,River,LOC
70150,9140,and,O
70151,9140,the,O
70152,9140,Triple,O
70153,9140,Underpass,O
70154,9140,down,O
70155,9140,at,O
70156,9140,the,O
70157,9140,end,O
70158,9140,-,O
70159,9140,-,O
70160,9140,toward,O
70161,9140,the,O
70162,9140,end,O
70163,9140,of,O
70164,9140,Elm,LOC
70165,9140,Street,LOC
70166,9140,.,O
70167,9140,And,O
73890,9411,He,O
73891,9411,probably,O
73892,9411,walked,O
73893,9411,east,O
73894,9411,on,O
73895,9411,Elm,LOC
73896,9411,Elm,LOC
73897,9411,Street,LOC
73898,9411,for,O
73899,9411,seven,O
73900,9411,blocks,O
73901,9411,to,O
73902,9411,the,O
73903,9411,corner,O
73904,9411,of,O
73905,9411,Elm,LOC
73906,9411,Elm,LOC
73907,9411,and,O
73908,9411,Murphy,LOC
74127,9428,It,O
74128,9428,was,O
74129,9428,the,O
74130,9428,intersection,O
74131,9428,near,O
74132,9428,Lamar,LOC
74133,9428,Lamar,LOC
74134,9428,Street,LOC
74135,9428,Street,LOC
74136,9428,",",O
74137,9428,it,O
74138,9428,was,O
74139,9428,near,O
74140,9428,Poydras,LOC
74141,9428,and,O
74142,9428,Lamar,LOC
74143,9428,Lamar,LOC
74144,9428,Street,LOC
74145,9428,Street,LOC
74146,9428,.,O
74413,9442,She,O
74414,9442,boarded,O
74415,9442,the,O
74416,9442,Marsalis,LOC
74417,9442,bus,O
74418,9442,at,O
74419,9442,St,LOC
74420,9442,.,LOC
74421,9442,Paul,LOC
74422,9442,and,O
74423,9442,Elm,LOC
74424,9442,Streets,LOC
74425,9442,to,O
74426,9442,return,O
74427,9442,home,O
74428,9442,.,LOC
74429,9442,She,O
74430,9442,testified,O
74431,9442,further,O
74432,9442,",",O
74433,9442,quote,O
74434,9442,",",O
74623,9454,south,O
74624,9454,on,O
74625,9454,Houston,LOC
74626,9454,Houston,LOC
74627,9454,",",O
74628,9454,and,O
74629,9454,southwest,O
74630,9454,across,O
74631,9454,the,O
74632,9454,Houston,LOC
74633,9454,Houston,LOC
74634,9454,viaduct,O
74635,9454,to,O
74636,9454,service,O
74637,9454,the,O
74638,9454,Oak,LOC
74639,9454,Cliff,LOC
74640,9454,area,O
74641,9454,along,O
74642,9454,Marsalis,LOC
74643,9454,.,O
74675,9457,across,O
74676,9457,Houston,LOC
74677,9457,in,O
74678,9457,front,O
74679,9457,of,O
74680,9457,the,O
74681,9457,Depository,ORG
74682,9457,Building,ORG
74683,9457,",",O
74684,9457,past,O
74685,9457,the,O
74686,9457,Triple,LOC
74687,9457,Underpass,LOC
74688,9457,into,O
74689,9457,west,O
74690,9457,Dallas,LOC
74691,9457,",",O
74692,9457,and,O
74693,9457,south,O
74694,9457,on,O
74695,9457,Beckley,LOC
74696,9457,.,O
75840,9548,The,O
75841,9548,walk,O
75842,9548,from,O
75843,9548,Beckley,LOC
75844,9548,Beckley,LOC
75845,9548,and,O
75846,9548,Neely,PER
75847,9548,to,O
75848,9548,1026,O
75849,9548,North,LOC
75850,9548,Beckley,LOC
75851,9548,Beckley,LOC
75852,9548,was,O
75853,9548,timed,O
75854,9548,by,O
75855,9548,Commission,ORG
75856,9548,counsel,O
75857,9548,at,O
75858,9548,5,O
75859,9548,minutes,O
75860,9548,and,O
75861,9548,45,O
75862,9548,seconds,O
75863,9548,.,O
76031,9559,The,O
76032,9559,Greyhound,LOC
76033,9559,Bus,LOC
76034,9559,Station,LOC
76035,9559,at,O
76036,9559,Lamar,LOC
76037,9559,and,O
76038,9559,Jackson,LOC
76039,9559,Streets,LOC
76040,9559,",",O
76041,9559,where,O
76042,9559,Oswald,PER
76043,9559,entered,O
76044,9559,Whaley,PER
76045,9559,',O
76046,9559,s,O
76047,9559,cab,O
76048,9559,",",O
76845,9623,was,O
76846,9623,eating,O
76847,9623,lunch,O
76848,9623,in,O
76849,9623,his,O
76850,9623,cab,O
76851,9623,which,O
76852,9623,was,O
76853,9623,parked,O
76854,9623,on,O
76855,9623,Patton,LOC
76856,9623,Patton,LOC
76857,9623,facing,O
76858,9623,the,O
76859,9623,southeast,O
76860,9623,corner,O
76861,9623,of,O
76862,9623,10th,LOC
76863,9623,Street,LOC
76864,9623,and,O
76865,9623,Patton,LOC
76866,9623,Patton,LOC
76867,9623,Avenue,LOC
76868,9623,a,O
76869,9623,few,O
76870,9623,feet,O
76871,9623,to,O
76872,9623,the,O
76873,9623,north,O
76874,9623,.,O
77251,9648,Just,O
77252,9648,prior,O
77253,9648,to,O
77254,9648,the,O
77255,9648,shooting,O
77256,9648,",",O
77257,9648,Mrs,O
77258,9648,.,O
77259,9648,Helen,PER
77260,9648,Markham,PER
77261,9648,",",O
77262,9648,a,O
77263,9648,waitress,O
77264,9648,in,O
77265,9648,downtown,O
77266,9648,Dallas,LOC
77267,9648,",",O
77268,9648,was,O
77269,9648,about,O
77270,9648,to,O
77271,9648,cross,O
77272,9648,10th,LOC
77273,9648,Street,LOC
77274,9648,at,O
77275,9648,Patton,LOC
77276,9648,.,O
78541,9737,As,O
78542,9737,Oswald,PER
78543,9737,ran,O
78544,9737,south,O
78545,9737,on,O
78546,9737,Patton,LOC
78547,9737,Avenue,LOC
78548,9737,toward,O
78549,9737,Jefferson,LOC
78550,9737,Boulevard,LOC
78551,9737,he,O
78552,9737,was,O
78553,9737,moving,O
78554,9737,in,O
78555,9737,the,O
78556,9737,direction,O
78557,9737,of,O
78558,9737,a,O
78559,9737,used,O
78560,9737,-,O
78561,9737,car,O
78562,9737,lot,O
79247,9786,but,O
79248,9786,only,O
79249,9786,two,O
79250,9786,of,O
79251,9786,the,O
79252,9786,four,O
79253,9786,discarded,O
79254,9786,cartridge,O
79255,9786,cases,O
79256,9786,found,O
79257,9786,on,O
79258,9786,the,O
79259,9786,lawn,O
79260,9786,at,O
79261,9786,10th,LOC
79262,9786,Street,LOC
79263,9786,and,O
79264,9786,Patton,LOC
79265,9786,Avenue,LOC
79266,9786,were,O
79267,9786,of,O
79268,9786,Winchester,LOC
79269,9786,-,O
79270,9786,Western,O
79271,9786,manufacture,O
79272,9786,.,O
80272,9861,Mrs,O
80273,9861,.,O
80274,9861,Earlene,PER
80275,9861,Roberts,PER
80276,9861,",",O
80277,9861,the,O
80278,9861,housekeeper,O
80279,9861,at,O
80280,9861,Oswald,LOC
80281,9861,',O
80282,9861,s,O
80283,9861,roominghouse,O
80284,9861,and,O
80285,9861,the,O
80286,9861,last,O
80287,9861,person,O
80288,9861,known,O
80289,9861,to,O
80290,9861,have,O
80291,9861,seen,O
80292,9861,him,O
80293,9861,before,O
80294,9861,he,O
80295,9861,reached,O
80296,9861,10th,LOC
80297,9861,Street,LOC
80298,9861,and,O
80299,9861,Patton,LOC
80300,9861,Avenue,LOC
80301,9861,",",O
80421,9872,that,O
80422,9872,he,O
80423,9872,was,O
80424,9872,seen,O
80425,9872,running,O
80426,9872,along,O
80427,9872,Jefferson,LOC
80428,9872,Jefferson,LOC
80429,9872,Boulevard,LOC
80430,9872,Boulevard,LOC
80431,9872,",",O
80432,9872,that,O
80433,9872,a,O
80434,9872,jacket,O
80435,9872,was,O
80436,9872,found,O
80437,9872,under,O
80438,9872,a,O
80439,9872,car,O
80440,9872,in,O
80441,9872,a,O
80442,9872,lot,O
80443,9872,adjoining,O
80444,9872,Jefferson,LOC
80445,9872,Jefferson,LOC
80446,9872,Boulevard,LOC
80447,9872,Boulevard,LOC
83943,10106,From,O
83944,10106,Neely,LOC
83945,10106,Street,LOC
83946,10106,Street,LOC
83947,10106,the,O
83948,10106,Oswalds,LOC
83949,10106,would,O
83950,10106,have,O
83951,10106,traveled,O
83952,10106,downtown,O
83953,10106,on,O
83954,10106,the,O
83955,10106,Beckley,LOC
83956,10106,bus,O
83957,10106,",",O
83958,10106,across,O
83959,10106,the,O
83960,10106,Commerce,LOC
83961,10106,Street,LOC
83962,10106,Street,LOC
83963,10106,viaduct,O
85749,10249,An,O
85750,10249,aerial,O
85751,10249,photograph,O
85752,10249,of,O
85753,10249,Dealey,LOC
85754,10249,Plaza,LOC
85755,10249,shows,O
85756,10249,that,O
85757,10249,Elm,LOC
85758,10249,Street,LOC
85759,10249,runs,O
85760,10249,at,O
85761,10249,an,O
85762,10249,angle,O
87863,10490,It,O
87864,10490,will,O
87865,10490,examine,O
87866,10490,his,O
87867,10490,defection,O
87868,10490,to,O
87869,10490,the,O
87870,10490,Soviet,LOC
87871,10490,Union,LOC
87872,10490,in,O
87873,10490,1959,O
87874,10490,",",O
87875,10490,his,O
87876,10490,subsequent,O
87877,10490,return,O
87878,10490,to,O
87879,10490,the,O
87880,10490,United,LOC
87881,10490,States,LOC
87882,10490,and,O
87883,10490,his,O
87884,10490,life,O
87885,10490,here,O
92291,10821,As,O
92292,10821,indicated,O
92293,10821,above,O
92294,10821,",",O
92295,10821,Oswald,PER
92296,10821,started,O
92297,10821,to,O
92298,10821,read,O
92299,10821,Communist,O
92300,10821,literature,O
92301,10821,after,O
92302,10821,he,O
92303,10821,and,O
92304,10821,his,O
92305,10821,mother,O
92306,10821,left,O
92307,10821,New,LOC
92308,10821,New,LOC
92309,10821,York,LOC
92310,10821,and,O
92311,10821,moved,O
92312,10821,to,O
92313,10821,New,LOC
92314,10821,New,LOC
92315,10821,Orleans,LOC
92316,10821,.,O
93861,10952,Quote,O
93862,10952,",",O
93863,10952,I,O
93864,10952,Lee,PER
93865,10952,Harvey,PER
93866,10952,Oswald,PER
93867,10952,do,O
93868,10952,hereby,O
93869,10952,request,O
93870,10952,that,O
93871,10952,my,O
93872,10952,present,O
93873,10952,citizenship,O
93874,10952,in,O
93875,10952,the,O
93876,10952,United,LOC
93877,10952,States,LOC
93878,10952,of,LOC
93879,10952,America,LOC
93880,10952,",",O
93881,10952,be,O
93882,10952,revoked,O
93883,10952,.,O
93884,10953,I,O
93885,10953,have,O
93886,10953,entered,O
93887,10953,the,O
93888,10953,Soviet,LOC
93889,10953,Soviet,LOC
93890,10953,Union,LOC
93891,10953,Union,LOC
93892,10953,for,O
93893,10953,the,O
93894,10953,express,O
93895,10953,purpose,O
93896,10953,of,O
93897,10953,applying,O
93898,10953,for,O
93899,10953,citizenship,O
93900,10953,in,O
93901,10953,the,O
93902,10953,Soviet,LOC
93903,10953,Soviet,LOC
93904,10953,Union,LOC
93905,10953,Union,LOC
93906,10953,",",O
93907,10953,through,O
93908,10953,the,O
93909,10953,means,O
93910,10953,of,O
93911,10953,naturalization,O
93912,10953,.,O
94858,11029,While,O
94859,11029,it,O
94860,11029,was,O
94861,11029,apparently,O
94862,11029,intended,O
94863,11029,for,O
94864,11029,publication,O
94865,11029,in,O
94866,11029,the,O
94867,11029,United,LOC
94868,11029,States,LOC
94869,11029,",",O
94870,11029,and,O
94871,11029,is,O
94872,11029,in,O
94873,11029,many,O
94874,11029,respects,O
94875,11029,critical,O
94876,11029,of,O
94877,11029,certain,O
94878,11029,aspects,O
94879,11029,of,O
94880,11029,life,O
94881,11029,in,O
94882,11029,the,O
94883,11029,Soviet,LOC
94884,11029,Union,LOC
94885,11029,",",O
95130,11072,seemed,O
95131,11072,to,O
95132,11072,place,O
95133,11072,him,O
95134,11072,in,O
95135,11072,a,O
95136,11072,situation,O
95137,11072,in,O
95138,11072,which,O
95139,11072,he,O
95140,11072,could,O
95141,11072,not,O
95142,11072,live,O
95143,11072,with,O
95144,11072,satisfaction,O
95145,11072,either,O
95146,11072,in,O
95147,11072,the,O
95148,11072,United,LOC
95149,11072,States,LOC
95150,11072,or,O
95151,11072,in,O
95152,11072,the,O
95153,11072,Soviet,LOC
95154,11072,Union,LOC
95155,11072,.,O
95232,11079,but,O
95233,11079,in,O
95234,11079,servile,O
95235,11079,conformity,O
95236,11079,to,O
95237,11079,the,O
95238,11079,wishes,O
95239,11079,of,O
95240,11079,the,O
95241,11079,Soviet,LOC
95242,11079,Soviet,O
95243,11079,Union,LOC
95244,11079,and,O
95245,11079,in,O
95246,11079,anticipation,O
95247,11079,of,O
95248,11079,Soviet,LOC
95249,11079,Soviet,O
95250,11079,Russia,LOC
95251,11079,',O
95252,11079,s,O
95253,11079,complete,O
95254,11079,domination,O
95255,11079,of,O
95256,11079,the,O
95257,11079,American,O
95258,11079,continent,O
95259,11079,.,O
97976,11318,Oswald,PER
97977,11318,',O
97978,11318,s,O
97979,11318,political,O
97980,11318,activities,O
97981,11318,after,O
97982,11318,his,O
97983,11318,return,O
97984,11318,to,O
97985,11318,the,O
97986,11318,United,LOC
97987,11318,States,LOC
97988,11318,center,O
97989,11318,around,O
97990,11318,his,O
97991,11318,interest,O
97992,11318,in,O
97993,11318,Cuba,LOC
97994,11318,Cuba,O
97995,11318,and,O
97996,11318,in,O
97997,11318,the,O
97998,11318,Fair,O
97999,11318,Play,O
98000,11318,for,O
98001,11318,Cuba,LOC
98002,11318,Cuba,O
98003,11318,Committee,O
98004,11318,.,O
99564,11426,he,O
99565,11426,received,O
99566,11426,a,O
99567,11426,letter,O
99568,11426,from,O
99569,11426,somebody,O
99570,11426,in,O
99571,11426,New,LOC
99572,11426,New,LOC
99573,11426,York,LOC
99574,11426,York,LOC
99575,11426,",",O
99576,11426,some,O
99577,11426,Communist,O
99578,11426,Communist,O
99579,11426,-,O
99580,11426,-,O
99581,11426,probably,O
99582,11426,from,O
99583,11426,New,LOC
99584,11426,New,LOC
99585,11426,York,LOC
99586,11426,York,LOC
99587,11426,-,O
99588,11426,-,O
99589,11426,I,O
99590,11426,am,O
99591,11426,not,O
99592,11426,sure,O
99593,11426,from,O
99594,11426,where,O
99595,11426,-,O
99596,11426,-,O
99597,11426,from,O
99598,11426,some,O
99599,11426,Communist,O
99600,11426,Communist,O
99601,11426,leader,O
99602,11426,and,O
99603,11426,he,O
99604,11426,was,O
99605,11426,very,O
99606,11426,happy,O
99607,11426,",",O
100304,11483,On,O
100305,11483,September,O
100306,11483,20,O
100307,11483,",",O
100308,11483,1963,O
100309,11483,",",O
100310,11483,Mrs,O
100311,11483,.,O
100312,11483,Paine,PER
100313,11483,and,O
100314,11483,her,O
100315,11483,two,O
100316,11483,children,O
100317,11483,arrived,O
100318,11483,in,O
100319,11483,New,LOC
100320,11483,Orleans,LOC
100321,11483,from,O
100322,11483,a,O
100323,11483,trip,O
100324,11483,to,O
100325,11483,the,O
100326,11483,East,LOC
100327,11483,Coast,LOC
100575,11502,by,O
100576,11502,the,O
100577,11502,officials,O
100578,11502,of,O
100579,11502,both,O
100580,11502,Cuba,LOC
100581,11502,and,O
100582,11502,the,O
100583,11502,Soviet,LOC
100584,11502,Union,LOC
100585,11502,in,O
100586,11502,Mexico,LOC
100587,11502,City,LOC
100588,11502,.,O
104188,11743,en,O
104189,11743,route,O
104190,11743,from,O
104191,11743,Dallas,LOC
104192,11743,Love,LOC
104193,11743,Field,LOC
104194,11743,",",O
104195,11743,end,O
104196,11743,quote,O
104197,11743,",",O
104198,11743,on,O
104199,11743,its,O
104200,11743,way,O
104201,11743,to,O
104202,11743,the,O
104203,11743,Trade,ORG
104204,11743,Mart,ORG
104205,11743,on,O
104206,11743,Stemmons,LOC
104207,11743,Freeway,LOC
104208,11743,.,O
105490,11856,in,O
105491,11856,1789,O
105492,11856,in,O
105493,11856,less,O
105494,11856,time,O
105495,11856,than,O
105496,11856,it,O
105497,11856,took,O
105498,11856,George,PER
105499,11856,Washington,PER
105500,11856,to,O
105501,11856,travel,O
105502,11856,from,O
105503,11856,New,LOC
105504,11856,York,LOC
105505,11856,to,O
105506,11856,Mount,LOC
105507,11856,Vernon,LOC
105943,11919,as,O
105944,11919,obtaining,O
105945,11919,clearance,O
105946,11919,of,O
105947,11919,some,O
105948,11919,categories,O
105949,11919,of,O
105950,11919,White,LOC
105951,11919,White,LOC
105952,11919,House,LOC
105953,11919,House,LOC
105954,11919,employees,O
105955,11919,and,O
105956,11919,all,O
105957,11919,tradesmen,O
105958,11919,who,O
105959,11919,service,O
105960,11919,the,O
105961,11919,White,LOC
105962,11919,White,LOC
105963,11919,House,LOC
105964,11919,House,LOC
105965,11919,",",O
108008,12093,From,O
108009,12093,return,O
108010,12093,to,O
108011,12093,Fort,LOC
108012,12093,Worth,LOC
108013,12093,to,O
108014,12093,move,O
108015,12093,to,O
108016,12093,New,LOC
108017,12093,Orleans,LOC
108018,12093,.,O
108542,12126,stating,O
108543,12126,that,O
108544,12126,he,O
108545,12126,had,O
108546,12126,distributed,O
108547,12126,its,O
108548,12126,pamphlets,O
108549,12126,on,O
108550,12126,the,O
108551,12126,streets,O
108552,12126,of,O
108553,12126,Dallas,LOC
108554,12126,Dallas,LOC
108555,12126,.,O
108556,12126,This,O
108557,12126,information,O
108558,12126,did,O
108559,12126,not,O
108560,12126,reach,O
108561,12126,Agent,PER
108562,12126,Hosty,PER
108563,12126,in,O
108564,12126,Dallas,LOC
108565,12126,Dallas,LOC
108566,12126,until,O
108567,12126,June,O
108568,12126,.,O
109220,12168,and,O
109221,12168,that,O
109222,12168,they,O
109223,12168,had,O
109224,12168,been,O
109225,12168,married,O
109226,12168,in,O
109227,12168,Fort,LOC
109228,12168,Worth,LOC
109229,12168,and,O
109230,12168,lived,O
109231,12168,there,O
109232,12168,until,O
109233,12168,coming,O
109234,12168,to,O
109235,12168,New,LOC
109236,12168,New,LOC
109237,12168,Orleans,LOC
109238,12168,Orleans,LOC
109239,12168,.,O
109240,12168,He,O
109241,12168,had,O
109242,12168,told,O
109243,12168,the,O
109244,12168,New,LOC
109245,12168,New,LOC
109246,12168,Orleans,LOC
109247,12168,Orleans,LOC
109248,12168,arresting,O
109249,12168,officers,O
109250,12168,that,O
109251,12168,he,O
109252,12168,had,O
109253,12168,been,O
109254,12168,born,O
109255,12168,in,O
109256,12168,Cuba,LOC
109257,12168,.,O
109665,12198,The,O
109666,12198,FBI,ORG
109667,12198,representative,O
109668,12198,in,O
109669,12198,Mexico,LOC
109670,12198,Mexico,LOC
109671,12198,City,LOC
109672,12198,arranged,O
109673,12198,to,O
109674,12198,follow,O
109675,12198,up,O
109676,12198,this,O
109677,12198,information,O
109678,12198,with,O
109679,12198,the,O
109680,12198,CIA,ORG
109681,12198,and,O
109682,12198,to,O
109683,12198,verify,O
109684,12198,Oswald,PER
109685,12198,',O
109686,12198,s,O
109687,12198,entry,O
109688,12198,into,O
109689,12198,Mexico,LOC
109690,12198,Mexico,LOC
109691,12198,.,O
110381,12234,he,O
110382,12234,had,O
110383,12234,received,O
110384,12234,a,O
110385,12234,copy,O
110386,12234,of,O
110387,12234,the,O
110388,12234,report,O
110389,12234,of,O
110390,12234,the,O
110391,12234,New,LOC
110392,12234,New,LOC
110393,12234,Orleans,LOC
110394,12234,Orleans,LOC
110395,12234,office,O
110396,12234,which,O
110397,12234,contained,O
110398,12234,Agent,PER
110399,12234,Quigley,PER
110400,12234,',O
110401,12234,s,O
110402,12234,memorandum,O
110403,12234,of,O
110404,12234,the,O
110405,12234,interview,O
110406,12234,in,O
110407,12234,the,O
110408,12234,New,LOC
110409,12234,New,LOC
110410,12234,Orleans,LOC
110411,12234,Orleans,LOC
110412,12234,jail,O
110413,12234,on,O
110414,12234,August,O
110415,12234,10,O
110416,12234,",",O
114583,12536,Two,O
114584,12536,of,O
114585,12536,the,O
114586,12536,nine,O
114587,12536,agents,O
114588,12536,returned,O
114589,12536,to,O
114590,12536,their,O
114591,12536,rooms,O
114592,12536,.,O
114593,12536,The,O
114594,12536,seven,O
114595,12536,others,O
114596,12536,proceeded,O
114597,12536,to,O
114598,12536,an,O
114599,12536,establishment,O
114600,12536,called,O
114601,12536,the,O
114602,12536,Cellar,LOC
114603,12536,Coffee,LOC
114604,12536,House,LOC
114605,12536,",",O
